{
  "sepal_length": 4.699999809265137,
  "sepal_width": 3.200000047683716,
  "petal_length": 1.2999999523162842,
  "petal_width": 0.20000000298023224
}